{"total_energy":3319.968334224364,"power_avg":0.3846562778617036,"duration":863.1}