{"total_energy":2873.3630023102737,"power_avg":3.836265690667922,"duration":749}