{"total_energy":3376.6384186265195,"power_avg":0.3844953790282987,"duration":878.2}