{"total_energy":3290.980790036213,"power_avg":0.3844603726677819,"duration":856}