{"total_energy":3120.776557759048,"power_avg":0.38419014622172204,"duration":812.3}