{"total_energy":3056.4275508860696,"power_avg":0.3841180785328729,"duration":795.7}