{"total_energy":3236.755563515495,"power_avg":0.38427585937498454,"duration":842.3}