{"total_energy":3214.7754377871283,"power_avg":0.38412898049792427,"duration":836.9}