{"total_energy":3224.403378311872,"power_avg":0.3841776931147232,"duration":839.3}