{"total_energy":3277.5066335540737,"power_avg":0.3844582561353752,"duration":852.5}