{"total_energy":3059.5453200301113,"power_avg":0.3840754858184925,"duration":796.6}