{"total_energy":3098.96750710458,"power_avg":0.38443958654069965,"duration":806.1}