{"total_energy":3245.1258490751743,"power_avg":0.38426593831559197,"duration":844.5}