{"total_energy":3116.708336126402,"power_avg":0.3843043571055983,"duration":811}