{"total_energy":3182.832995172584,"power_avg":0.38430729234153393,"duration":828.2}