{"total_energy":3115.9807853610428,"power_avg":0.3841672771989943,"duration":811.1}