{"total_energy":3243.697695331332,"power_avg":0.3844154651968869,"duration":843.8}