{"total_energy":3273.128349398613,"power_avg":0.3843504402769625,"duration":851.6}