{"total_energy":3129.128766382894,"power_avg":0.3845083271544475,"duration":813.8}