{"total_energy":3342.961345097339,"power_avg":0.38451361227252573,"duration":869.4}