{"total_energy":3241.894341576766,"power_avg":0.3843839627195596,"duration":843.4}