{"total_energy":3079.3313541245825,"power_avg":0.384196051668694,"duration":801.5}