{"total_energy":3135.112813856599,"power_avg":0.38425209141519784,"duration":815.9}