{"total_energy":3196.954617253031,"power_avg":0.38457291197558413,"duration":831.3}