{"total_energy":3185.9011254789866,"power_avg":0.3843065290083217,"duration":829}