{"total_energy":3190.2536940690147,"power_avg":0.3845996014549746,"duration":829.5}