{"total_energy":3129.8884328446597,"power_avg":0.3840353905330871,"duration":815}