{"total_energy":3337.0579407123905,"power_avg":0.38458660144201806,"duration":867.7}