{"total_energy":3090.783621625468,"power_avg":0.38433021905315445,"duration":804.2}