{"total_energy":3088.252871344143,"power_avg":0.3844936343804959,"duration":803.2}