{"total_energy":3297.9453813145487,"power_avg":0.38446553757455687,"duration":857.8}