{"total_energy":3282.6136109324852,"power_avg":0.38465123165367765,"duration":853.4}