{"total_energy":3105.463697290995,"power_avg":0.38414939352931654,"duration":808.4}