{"total_energy":3056.273260168238,"power_avg":0.38419525583510217,"duration":795.5}