{"total_energy":3134.4998485925717,"power_avg":0.38427115956755814,"duration":815.7}