{"total_energy":3271.8000092392654,"power_avg":0.38442016322867645,"duration":851.1}