{"total_energy":3241.5485338223143,"power_avg":0.38475353517178806,"duration":842.5}