{"total_energy":3175.253404745254,"power_avg":0.38441324512654407,"duration":826}