{"total_energy":3297.430402810675,"power_avg":0.3846745686899994,"duration":857.2}