{"total_energy":3137.3477253698256,"power_avg":0.3843375873293918,"duration":816.3}