{"total_energy":3280.812296898812,"power_avg":0.38457534836464796,"duration":853.1}