{"total_energy":3130.4536519373933,"power_avg":0.3842461828817225,"duration":814.7}