{"total_energy":3082.4076467562672,"power_avg":0.38405278429557277,"duration":802.6}