{"total_energy":3222.846140819049,"power_avg":0.3844960797922989,"duration":838.2}