{"total_energy":3168.697868598156,"power_avg":0.3845507122085141,"duration":824}