{"total_energy":3166.5243551089247,"power_avg":0.38438023247255704,"duration":823.8}