{"total_energy":3352.4109403902735,"power_avg":0.38458310661813394,"duration":871.7}