{"total_energy":3193.484342698869,"power_avg":0.38466445949155254,"duration":830.2}