{"total_energy":3187.9740062859128,"power_avg":0.3843711124048605,"duration":829.4}