{"total_energy":3257.0892428798024,"power_avg":0.3844534044947831,"duration":847.2}