{"total_energy":3137.5279412332475,"power_avg":0.3842655163788423,"duration":816.5}